ID,Transaction_Ref,Account,Type,Card,Date,Time,Amount,Currency,Sender,Beneficiary,Merchant,Country,Description
14aeab5340a54353985b1fd55619ffd0,FT19332900780599,xx001,DEBIT,**6762,2019/11/28,15:29,1910.7,SAR,N/A,N/A, Ubuy ,Saudi Arabia,E-commerce Purchase
b871bdb4c4434fa7896c84b98d53c84e,ACLK19330WFPCF,xx001,DEBIT,**6762,2019/11/26,10:24,3761.11,SAR,N/A,N/A, WWW NEWEGG COM ,USA,E-commerce Purchase
64d174c4e5d64e589a49815e45c1c1d8,FT19328505164286,xx001,DEBIT,**6762,2019/11/24,09:16,8,SAR,N/A,N/A, DUNKIN DONUTS 10327 ,Saudi Arabia,وصف العملية
aca272b624ff4d0084e4861790f72d2d,FT19327716972201,xx001,DEBIT,**6762,2019/11/23,09:10,24,SAR,N/A,N/A, Starbucks Tafaseel ,Saudi Arabia,وصف العملية
ceb1e0bcfbf4409580e6572fc3f9da38,FT19238710871750,xx001,DEBIT,**3048,2019/08/26,12:41,18.90,SAR,N/A,N/A, CATERING ,Saudi Arabia,وصف العملية
3e1b35ab523e48968a14d112d4e9d47b,FT19238014120050,xx001,DEBIT,**3048,2019/08/26,13:19,14.00,SAR,N/A,N/A, SURPRISE SAMA EST ,Saudi Arabia,وصف العملية
b6afa11966e74a8db59b13b5512f54ee,FT19239972385738,xx001,DEBIT,**3048,2019/08/27,12:38,18.90,SAR,N/A,N/A, CATERING ,Saudi Arabia,وصف العملية
e6e17f9e1ade4b90b33dc43a8d99ac6a,FT19239155470494,xx001,DEBIT,**3048,2019/08/27,19:10,44.00,SAR,N/A,N/A, TAKHASUSSI ,Saudi Arabia,وصف العملية
7bc4b69f7dd64a5383cbd03ef998282d,FT19240071306535,xx001,DEBIT,**3048,2019/08/28,13:13,21.00,SAR,N/A,N/A, CATERING ,Saudi Arabia,وصف العملية
4cc29423f653427daf3c3c4370a26a6c,FT19240416937081,xx001,DEBIT,**3048,2019/08/28,17:47,185.00,SAR,N/A,N/A, Kayan Namar Trading ,Saudi Arabia,وصف العملية
e72f7d35b87c4078a214ad65d7d2a74b,FT19240406803046,xx001,DEBIT,**3048,2019/08/28,18:14,150.00,SAR,N/A,N/A,N/A,Saudi Arabia,cash withdrawal
6878b0a64081492bbc47651d69b48d70,FT19242099640913,xx001,DEBIT,**3048,2019/08/30,16:18,17.00,SAR,N/A,N/A, RISTRETTO COFFE ,Saudi Arabia,وصف العملية
0aa99d029dfa434597034338a73b356b,FT19334328329120,xx001,DEBIT,**6762,2019/11/30,17:00,279,SAR,N/A,N/A, Virgin Megastore ,Saudi Arabia,وصف العملية
05408ce14cca435b8b3802f575b263c5,FT19332042246415,xx001,DEBIT,**6762,2019/11/28,11:42,2669,SAR,N/A,N/A, IKEA ,Saudi Arabia,E-commerce Purchase
bfaa373b3c0347bc8b719d61dcf9a8b5,FT19242007580264,xx001,DEBIT,**3048,2019/08/30,18:57,23.00,SAR,N/A,N/A, MCDONALDS TAKHASSUSI ,Saudi Arabia,POS Purchase
5f68ad1a928b4aff92796cbc775e8d10,FT19334187185013,xx001,DEBIT,**6762,2019/11/30,16:09,20,SAR,N/A,N/A, WAYNES COFFEE ,Saudi Arabia,وصف العملية
c185d9f03bbc442289adbc7a3ebc2bba,FT19332847517702,xx001,DEBIT,**6762,2019/11/28,11:45,2669,SAR,N/A,N/A, IKEA ,Saudi Arabia,E-commerce Purchase
c6160c7cf39149628508d04c2f5bdf83,FT19242010290954,xx001,DEBIT,**3048,2019/08/30,19:18,100.00,SAR,N/A,N/A,N/A,Saudi Arabia,cash withdrawal
239b9e8d7164463297ee2e1be84d12d4,FT19329199567028,xx001,DEBIT,**6762,2019/11/25,14:09,12,SAR,N/A,N/A, Secret marketing For ,Saudi Arabia,وصف العملية
9687e90664c54663b9bf108099240b73,FT19248271657336,xx001,DEBIT,**3048,2019/09/05,11:03,9,SAR,N/A,N/A, SAMA ALJWHRIA EST ,Saudi Arabia,وصف العملية
5cdffb6189814d839fb919b0795b59f2,FT19248706520182,xx001,DEBIT,**3048,2019/09/05,19:14,20.08,SAR,N/A,N/A, AL GHARB AL TAKHASSUSI ,Saudi Arabia,وصف العملية
acc19ed21f5649c09ce23d4f19b03c14,FT19329174767019,xx001,DEBIT,**6762,2019/11/25,15:52,2529,SAR,N/A,N/A, IKEA ,Saudi Arabia,E-commerce Purchase
40569fbc442a4703afeb96ca14099bec,ACLK19249N5PQ5,xx001,DEBIT,**3048,2019/09/06,00:31,40,USD,N/A,N/A, PLAYSTATIONNETWORK ,G.B.,E-commerce Purchase
223d065b53e84da086cec7682efe3a1e,FT19238945397465,xx001,DEBIT,**3048,2019/08/26,19:13,280.00,SAR,N/A,N/A, Zain SalesCo KC468 ,Saudi Arabia,وصف العملية
7a8330d33b304241880b8ba05e6c3f5c,FT19328602350135,xx001,DEBIT,**6762,2019/11/24,19:29,185,SAR,N/A,N/A, Abaad Aljeel Est Br ,Saudi Arabia,E-commerce Purchase
47e599d9581e45759e4a6ca5aff684ff,FT19271035139201,xx001,DEBIT,**3048,2019/09/28,21:44,1,SAR,N/A,N/A, Jawwy from STC ,Saudi Arabia,E-commerce Purchase
c59957d3fec64061a67a6f68e6e86ccf,ACLK19304DL99C,xx001,DEBIT,**3048,2019/10/31,13:23,3.75,SAR,N/A,N/A, HungerStation ,Saudi Arabia,E-commerce Purchase
074e427fa93f4ee39c9f1b4bac43f178,FT19334078521517,xx001,DEBIT,**6762,2019/11/30,15:46,17,SAR,N/A,N/A, CANTON ,Saudi Arabia,وصف العملية
f73c06ab24b1431da2c2db6cba573c49,FT19243011726830,xx001,DEBIT,**3048,2019/08/31,19:31,300.00,SAR,N/A,N/A, SPORTS GHORNATAH ,Saudi Arabia,وصف العملية
69c5811f510b40f9b4c3e7377bc1d867,FT19238074088488,xx001,DEBIT,**3048,2019/08/26,19:35,24.00,SAR,N/A,N/A, MOSST ALSAJ ALTHAHBI ,Saudi Arabia,وصف العملية
4b904ed92f884af08b03972fed88d133,FT19271340023017,xx001,CREDIT,**3048,2019/09/28,21:45,1.00,SAR,N/A,N/A, Jawwy from STC ,Saudi Arabia,Deposit of reversed POS purchase
1dfc7b2f1bd846dbab76a44bdefb040f,N/A,N/A,N/A,N/A,N/A,N/A,N/A,N/A,N/A,N/A,N/A,N/A,N/A
8fb8446c180640da9ba5efd527a1a53c,N/A,N/A,N/A,N/A,N/A,N/A,N/A,N/A,N/A,N/A,N/A,N/A,N/A
c4a32bb40b8b457d863920f67d5bb345,FT19243906130870,xx001,DEBIT,**3048,2019/08/31,20:51,164.00,SAR,N/A,N/A, ALATLAL GRILLS FOR ,Saudi Arabia,وصف العملية
df048eeae1b24f59ada68b0e81c06add,FT19239714991438,xx001,DEBIT,**3048,2019/08/27,08:54,7.35,SAR,N/A,N/A, Mazaj Alshokolata Co ,Saudi Arabia,وصف العملية
48f75861ce8e4875b80f4d1a097fde4e,FT19271625071609,xx001,DEBIT,**3048,2019/09/28,21:47,73.5,SAR,N/A,N/A, Jawwy from STC ,Saudi Arabia,E-commerce Purchase
e9e9aaf3b03644ad8601bf69db6e7dd2,ACLK19297J7SM4,xx001,DEBIT,**3048,2019/10/24,13:43,4476.79,SAR,N/A,N/A, WWW NEWEGG COM ,USA,E-commerce Purchase
218c17510e0d4fb3b7b7b36f14b03941,FT19333774299902,xx001,DEBIT,**6762,2019/11/29,09:49,26,SAR,N/A,N/A, MCDONALDS TAKHASSUSI ,Saudi Arabia,وصف العملية
bb33d71fac9d4c8aad396f3ca2f6ef2e,FT19332272000176,xx001,DEBIT,**6762,2019/11/28,09:19,10,SAR,N/A,N/A, SAMA ALJWHRIA EST ,Saudi Arabia,وصف العملية
edc53311426c426c959b80c89700719a,FT19333664434445,xx001,DEBIT,**6762,2019/11/29,18:42,357,SAR,N/A,N/A, IKEA ,Saudi Arabia,وصف العملية
540dbd9a8cf14be2bbe0bd896a8d8150,FT19330620960406,xx001,DEBIT,N/A,2019/11/26,13:57,40,SAR,N/A, سلطان فيصل بن لبده ,N/A,N/A,N/A
256633f7f1e245acb79ad2a1d62fb8dc,FT19333377487707,xx001,DEBIT,**6762,2019/11/29,19:28,32,SAR,N/A,N/A, DR CAFE ,Saudi Arabia,وصف العملية
865b3001ab2e47559299004eadcf382b,FT19330038168577,xx001,DEBIT,**6762,2019/11/26,19:34,50,SAR,N/A,N/A,N/A,Saudi Arabia,cash withdrawal
d0295ff2242e49a6ae96012ae790e2c9,FT19329050484256,xx001,DEBIT,**6762,2019/11/25,20:29,21,SAR,N/A,N/A, Shawarmrji ,Saudi Arabia,وصف العملية
e0acf5aaa67e4055b5985b31c1e59935,FT19329280677784,xx001,DEBIT,**6762,2019/11/25,09:26,10,SAR,N/A,N/A, SURPRISE SAMA EST ,Saudi Arabia,وصف العملية
61c263452dad4ac689341281e1b956a0,FT19328722922367,xx001,DEBIT,**6762,2019/11/24,14:20,12,SAR,N/A,N/A, Secret marketing For ,Saudi Arabia,وصف العملية
fa88162bfe2a455a84743a75c2b02bd8,FT19331165090099,xx001,DEBIT,**6762,2019/11/27,09:38,12,SAR,N/A,N/A, Secret marketing For ,Saudi Arabia,وصف العملية
67b8ac5e1a8c410cb0a2535138094438,FT19325546828026,xx001,DEBIT,**3048,2019/11/21,09:36,26,SAR,N/A,N/A, MCDONALDS TAKHASSUSI ,Saudi Arabia,وصف العملية
1409a54d368c41eda2b2d6a3f4001b7f,FT19330277087284,xx001,DEBIT,**6762,2019/11/26,09:03,10,SAR,N/A,N/A, SAMA ALJWHRIA EST ,Saudi Arabia,وصف العملية
adae116ff0f24089a328d58d2ebf7a9b,FT19325554402539,xx001,DEBIT,**3048,2019/11/21,10:23,67,SAR,N/A,N/A, Al Dhaher Station ,Saudi Arabia,وصف العملية
28af86101e3340e6b7c72cb9cdb9dd81,FT19325230404067,xx001,DEBIT,**6762,2019/11/21,11:02,50,SAR,N/A,N/A,N/A,Saudi Arabia,cash withdrawal
1e183dfe83444d44a63197fa747011f4,FT19332068552400,xx001,DEBIT,**6762,2019/11/28,21:04,50,SAR,N/A,N/A,N/A,Saudi Arabia,cash withdrawal
595f780c62eb4d03b07e777b83ea261d,FT19326904944580,xx001,DEBIT,**6762,2019/11/22,21:35,50,SAR,N/A,N/A,N/A,Saudi Arabia,cash withdrawal
e0a9d07d6c8c4585be054a95ff0617e6,FT19329120740057,xx001,DEBIT,**6762,2019/11/25,09:48,173.25,SAR,N/A,N/A, Zain ,Saudi Arabia,E-commerce Purchase
06125768cc644dadb0374afe87305134,FT19326064651549,xx001,DEBIT,**6762,2019/11/22,08:16,97,SAR,N/A,N/A, Starbucks ,Saudi Arabia,وصف العملية
591492b86f1845328ead236562f730e1,FT19331958050583,xx001,DEBIT,**6762,2019/11/27,09:21,10,SAR,N/A,N/A, SAMA ALJWHRIA EST ,Saudi Arabia,وصف العملية
9c2c22a5575048729f9f4a268970d036,FT19326500016923,xx001,DEBIT,**6762,2019/11/22,21:57,50,SAR,N/A,N/A,N/A,Saudi Arabia,cash withdrawal
a572b113d8e84897af9aec9e60195b7c,FT19334047734545,xx001,DEBIT,**6762,2019/11/30,21:33,50,SAR,N/A,N/A,N/A,Saudi Arabia,cash withdrawal
e0d403b0048e4f5686e9c8c3e188f85f,FT19335568007507,xx001,CREDIT,**6762,2019/12/01,12:00,2529.00,SAR,N/A,N/A, IKEA ,Saudi Arabia,Deposit of reversed POS purchase
4482ef302e174b6c82b7fdfde270a3f3,FT19335267665394,xx001,DEBIT,**6762,2019/12/01,14:21,12,SAR,N/A,N/A, Secret marketing For ,Saudi Arabia,وصف العملية
85f0792f88124c9abe3c6d84de5749ba,FT19335520489442,xx001,DEBIT,**6762,2019/12/01,14:52,7,SAR,N/A,N/A, DUNKIN DONUTS 10327 ,Saudi Arabia,وصف العملية
c04e0c1b6d5d4beba217cbe20bacc577,FT19335194261565,xx001,DEBIT,**6762,2019/12/01,20:41,50,SAR,N/A,N/A,N/A,Saudi Arabia,cash withdrawal
daeec659c8974ccd8642f694b5989197,FT19336616197713,xx001,DEBIT,**6762,2019/12/02,09:08,10,SAR,N/A,N/A, SURPRISE SAMA EST ,Saudi Arabia,وصف العملية
855790671c8d46f3be5faec3dc92f52b,FT19337205070401,xx001,DEBIT,**6762,2019/12/03,08:54,10,SAR,N/A,N/A, SURPRISE SAMA EST ,Saudi Arabia,وصف العملية
7e47edce11184e8fa7c2be7689b5c332,FT19337038829198,xx001,DEBIT,**6762,2019/12/03,09:05,6,SAR,N/A,N/A, Secret marketing For ,Saudi Arabia,وصف العملية
d8a050a794904c328113e1209812cfab,FT19337299778242,xx001,DEBIT,**6762,2019/12/03,20:19,30,SAR,N/A,N/A, HARDEES EUROMARCHE ,Saudi Arabia,وصف العملية
12655551ea4249809082270c1e508a4b,FT19337022075747,xx001,DEBIT,N/A,2019/12/03,20:31,17,SAR,N/A, سلطان فيصل بن لبده ,N/A,N/A,N/A
4433bc2f2dd74d4b80cd0332dfe828f4,FT19338366701209,xx001,DEBIT,**6762,2019/12/04,08:55,10,SAR,N/A,N/A, SURPRISE SAMA EST ,Saudi Arabia,وصف العملية
41845fd79dda4772b9d76b522856a7c1,FT19338471323630,xx001,DEBIT,**6762,2019/12/04,14:32,12,SAR,N/A,N/A, Secret marketing For ,Saudi Arabia,وصف العملية
0ce36a4d4af1410684d8f51eef05efcd,FT19338785071569,xx001,DEBIT,**6762,2019/12/04,22:15,28,SAR,N/A,N/A, HARDEES EUROMARCHE ,Saudi Arabia,وصف العملية
32cf6b1c943b4cb5991f406aa626c878,FT19339905602048,xx001,DEBIT,**6762,2019/12/05,09:31,10,SAR,N/A,N/A, SURPRISE SAMA EST ,Saudi Arabia,وصف العملية
8310ee6ae60f4d3a95c2d91bbd451070,FT19339235175035,xx001,DEBIT,**6762,2019/12/05,18:17,300,SAR,N/A,N/A, BATH BODY WORKS ,Saudi Arabia,وصف العملية
1dc9566204bd49e580aa30d714707ebf,FT19339613640701,xx001,DEBIT,**6762,2019/12/05,19:51,50,SAR,N/A,N/A,N/A,Saudi Arabia,cash withdrawal
eab88cfee125422683a2aa2ae192499a,FT19340476505297,xx001,DEBIT,**6762,2019/12/06,09:54,92,SAR,N/A,N/A, Pan Breeza Restaurant ,Saudi Arabia,وصف العملية
907d5ace2fab4c329fc75f62aede3b37,FT19340501968821,xx001,DEBIT,**6762,2019/12/06,10:14,45,SAR,N/A,N/A, RISTRETTO COFFE ,Saudi Arabia,وصف العملية
1618b503daa343569f5d3fb027782ce5,FT19341023210186,xx001,DEBIT,**6762,2019/12/07,10:24,100,SAR,N/A,N/A,N/A,Saudi Arabia,cash withdrawal
4696fcf774e94e799ee7f08f297a3951,FT19341091909656,xx001,DEBIT,**6762,2019/12/07,10:49,26,SAR,N/A,N/A, MCDONALDS TAKHASSUSI ,Saudi Arabia,وصف العملية
dccd9ec0de8b46689f5696297d7a559b,FT19342619135003,xx001,DEBIT,**6762,2019/12/08,09:06,10,SAR,N/A,N/A, SURPRISE SAMA EST ,Saudi Arabia,وصف العملية
6cfcf34bef114000915714a9d8ba984e,FT19342490716794,xx001,DEBIT,**6762,2019/12/08,14:34,38,SAR,N/A,N/A, Secret marketing For ,Saudi Arabia,وصف العملية
b03a58c0be97462081e621a08a939dbf,FT19343717834038,xx001,DEBIT,**6762,2019/12/09,08:56,61,SAR,N/A,N/A, one fuel stTION ,Saudi Arabia,وصف العملية
1d0f33d6dfda45e0ad4fa8e78f9072a1,FT19343702584520,xx001,DEBIT,**6762,2019/12/09,09:11,10,SAR,N/A,N/A, SAMA ALJWHRIA EST ,Saudi Arabia,وصف العملية
213c5bb79ab54bb482db02d7b05d99ee,FT19343005838959,xx001,DEBIT,**6762,2019/12/09,09:23,6,SAR,N/A,N/A, Secret marketing For ,Saudi Arabia,وصف العملية
7f4309047cd24ef685c776b5dd74723f,FT19343452736622,xx001,DEBIT,N/A,2019/12/09,15:22,24,SAR,N/A, فارس عبدالله المحيميد ,N/A,N/A,N/A
8e70c96c5eda4b358b4e11c2f7329c3d,FT19343659820987,xx001,DEBIT,**6762,2019/12/09,20:55,28,SAR,N/A,N/A, HARDEES EUROMARCHE ,Saudi Arabia,وصف العملية
145e083686b64944b5732f400baf54a0,FT19344507152468,xx001,DEBIT,**6762,2019/12/10,09:08,10,SAR,N/A,N/A, SURPRISE SAMA EST ,Saudi Arabia,وصف العملية
22932bb61e144d78a3d1c1f4302a9d81,FT19344050018248,xx001,DEBIT,**6762,2019/12/10,14:04,17,SAR,N/A,N/A, Secret marketing For ,Saudi Arabia,وصف العملية
e2db91dbea024ab8b007ab19745d058c,FT19344656442021,xx001,DEBIT,**6762,2019/12/10,18:55,45,SAR,N/A,N/A, Third Mind Co for ,Saudi Arabia,وصف العملية
c0602a642e274033a3b8279bc36e0a46,FT19345979615281,xx001,DEBIT,**6762,2019/12/11,09:07,10,SAR,N/A,N/A, SURPRISE SAMA EST ,Saudi Arabia,وصف العملية
3afec1f48566418195f0bca03c420329,FT19345580644608,xx001,DEBIT,N/A,2019/12/11,09:49,40,SAR,N/A, فايز غازي العنزي ,N/A,N/A,N/A
5c50a76f0ee5459f9f9faa951532adfb,FT19345994429015,xx001,DEBIT,N/A,2019/12/11,13:41,21,SAR,N/A, فارس عبدالله المحيميد ,N/A,N/A,N/A
f681071141fa4caa85abc412c7e7b208,FT19346213420230,xx001,DEBIT,**6762,2019/12/12,08:54,10,SAR,N/A,N/A, SURPRISE SAMA EST ,Saudi Arabia,وصف العملية
f3e220db690249e78ea1f426fbccb5dd,FT19346984857382,xx001,DEBIT,**6762,2019/12/12,17:46,75,SAR,N/A,N/A, JARIR BOOKSTORE ,Saudi Arabia,وصف العملية
49e9033cbc2443b9bea44e5d13acbfab,FT19347640456663,xx001,DEBIT,**6762,2019/12/13,16:44,41,SAR,N/A,N/A, DRIP COFFEE ,Saudi Arabia,وصف العملية
8735f16ca5c149c7a84e26382310d0d7,FT19347807610063,xx001,DEBIT,**6762,2019/12/13,21:51,67,SAR,N/A,N/A, Fuddruckers ,Saudi Arabia,POS Purchase
2f4693a6c76c4f7c9334a9dd346f8aa9,FT19348343148984,xx001,DEBIT,**6762,2019/12/14,10:12,139,SAR,N/A,N/A, H M ,Saudi Arabia,وصف العملية
50168b27e28f43cdb713fdef55c602d3,FT19348080436784,xx001,DEBIT,**6762,2019/12/14,10:24,26,SAR,N/A,N/A, MCDONALDS TAKHASSUSI ,Saudi Arabia,وصف العملية
55516eca7526416e84b79ebf0d34c7a7,FT19348845583021,xx001,DEBIT,**6762,2019/12/14,10:35,12,SAR,N/A,N/A, Fahad Abdullah Al ,Saudi Arabia,وصف العملية
a179b55d40774e729bd20401ece743d1,FT19348470546754,xx001,DEBIT,**6762,2019/12/14,15:37,50,SAR,N/A,N/A,N/A,Saudi Arabia,cash withdrawal
f9ffa100fcf64930b0eb54f2c18bdba7,ACLK19349GQH0T,xx001,DEBIT,**6762,2019/12/15,19:26,19.99,SAR,N/A,N/A, Spotify AB P0DDAF876B ,Sweden,E-commerce Purchase
55d6bead3dca4873ae308a0f01f4d7f1,FT19350092474476,xx001,DEBIT,**6762,2019/12/16,17:47,23,SAR,N/A,N/A, MCDONALDS TAKHASSUSI ,Saudi Arabia,وصف العملية
b35063e301f848058eb391e051195069,FT19351974533369,xx001,DEBIT,**6762,2019/12/17,09:36,6,SAR,N/A,N/A, Secret marketing For ,Saudi Arabia,وصف العملية
d5c21cde1d934abb9f5f33b240d5ff78,FT19351030999285,xx001,DEBIT,**6762,2019/12/17,17:35,23,SAR,N/A,N/A, MCDONALDS TAKHASSUSI ,Saudi Arabia,وصف العملية
3b9eb8340ce4404b8fcb494b00461843,FT19352564534260,xx001,DEBIT,**6762,2019/12/18,09:18,14,SAR,N/A,N/A, SURPRISE SAMA EST ,Saudi Arabia,وصف العملية
7ef2536cb9e1485f9fde929e7433a7a4,FT19352061110461,xx001,DEBIT,N/A,2019/12/18,14:43,34,SAR,N/A, سلطان فيصل بن لبده ,N/A,N/A,N/A
b957366ca7d2465180088eefa3602831,ACLK19352V9N0X,xx001,DEBIT,**6762,2019/12/18,19:28,1,USD,N/A,N/A, PAYPAL ,Luxembourg,E-commerce Purchase
e16d4cd3a6dd49d68e0cf4e2af83d977,N/A,N/A,N/A,N/A,N/A,N/A,N/A,N/A,N/A,N/A,N/A,N/A,N/A
0340c695d54a4305b501e0a247407800,ACLK19352JBCGJ,xx001,DEBIT,**6762,2019/12/18,19:30,58.60,SAR,N/A,N/A, PAYPAL BONNIEPANG ,Luxembourg,E-commerce Purchase
8e4f2c28966343a997bb80eb9e9cf379,FT19353525092890,xx001,DEBIT,**6762,2019/12/19,09:20,7,SAR,N/A,N/A, Secret marketing For ,Saudi Arabia,وصف العملية
da20b8dc709141b6b44cb234b818766d,FT19353307692681,xx001,DEBIT,**6762,2019/12/19,10:27,15,SAR,N/A,N/A, DUNKIN DONUTS 10327 ,Saudi Arabia,وصف العملية
4eb6518e467b4eb3bab99c6c857bf4bc,FT19353843226750,xx001,DEBIT,**6762,2019/12/19,17:57,239,SAR,N/A,N/A, SMSA 41190 ,Saudi Arabia,وصف العملية
abdb2f03515943af9a2ebf3c5db67bd3,FT19353670563771,xx001,DEBIT,**6762,2019/12/19,20:24,100,SAR,N/A,N/A,N/A,Saudi Arabia,cash withdrawal
ad1bbb3c0d5741c78db4de9c823c5611,FT19354008373941,xx001,DEBIT,**6762,2019/12/20,09:54,46,SAR,N/A,N/A, WAYNES COFFEE ,Saudi Arabia,وصف العملية
9d0a5f1b64b44716a8b8af6618119aac,FT19354676464839,xx001,DEBIT,**6762,2019/12/20,15:29,25,SAR,N/A,N/A, Anoosh ,Saudi Arabia,وصف العملية
960bbc0a32d14e8d994e66eda0747fc6,FT19354061170278,xx001,DEBIT,N/A,2019/12/20,16:00,26.25,SAR,N/A,N/A,N/A,N/A,N/A
4f2667b2966b4c6c958f774f59615916,FT19354938792795,xx001,DEBIT,**6762,2019/12/20,18:13,90.99,SAR,N/A,N/A, ANOOSH CO ,Saudi Arabia,وصف العملية
30cb24cf63bf47e28f7b52f7dc3075f9,FT19354150642713,xx001,DEBIT,**6762,2019/12/20,19:50,35,SAR,N/A,N/A, Starbucks Tafaseel ,Saudi Arabia,وصف العملية
db2dd9b54ffb4d6582c050bb908e9621,FT19354562801035,xx001,DEBIT,**6762,2019/12/20,20:44,429.25,SAR,N/A,N/A, SACO ,Saudi Arabia,وصف العملية
aee59c15c522456d95acf3939e4f00b5,ACLK1935587ZMX,xx001,DEBIT,**6762,2019/12/21,19:06,18,USD,N/A,N/A, PLAYSTATIONNETWORK ,G.B.,E-commerce Purchase
9e748fd154be4bf0868cba1a2a5087c6,FT19356378840801,xx001,DEBIT,**6762,2019/12/22,09:09,10,SAR,N/A,N/A, SURPRISE SAMA EST ,Saudi Arabia,وصف العملية
549a1ff9c4994beb9242914561694da4,FT19356008028059,xx001,DEBIT,**6762,2019/12/22,13:21,17,SAR,N/A,N/A, Secret marketing For ,Saudi Arabia,وصف العملية
165a70c895cf4dc3a788470cccd69711,FT19357583385133,xx001,DEBIT,N/A,2019/12/23,14:45,48,SAR,N/A, فارس عبدالله المحيميد ,N/A,N/A,N/A
3b785998cec34a6598b60f9f745a6cd3,FT19358084261589,xx001,DEBIT,N/A,2019/12/24,14:05,33,SAR,N/A, سلطان فيصل بن لبده ,N/A,N/A,N/A
674ed4316cae4058bf4af41db6a8330e,FT19358231910772,xx001,DEBIT,**6762,2019/12/24,18:02,23,SAR,N/A,N/A, MCDONALDS TAKHASSUSI ,Saudi Arabia,وصف العملية
604bc6da6205485fb54c6f19c330b438,FT19359077800946,xx001,DEBIT,**6762,2019/12/25,09:03,10,SAR,N/A,N/A, SAMA ALJWHRIA EST ,Saudi Arabia,وصف العملية
1239cd30c08b45e994d36aecf4eac695,FT19359390491051,xx001,DEBIT,**6762,2019/12/25,09:22,8,SAR,N/A,N/A, Idea Candy EST ,Saudi Arabia,وصف العملية
9250ddc491a746f1bc5c8d827f00b5b6,FT19359629897987,xx001,DEBIT,**6762,2019/12/25,19:50,52,SAR,N/A,N/A, HARDEES EUROMARCHE ,Saudi Arabia,وصف العملية
1ee600cd8d07414789f4d03ed3dffa4a,FT19360108313225,xx001,DEBIT,**6762,2019/12/26,09:37,10,SAR,N/A,N/A, SAMA ALJWHRIA EST ,Saudi Arabia,وصف العملية
43099a1770694ddbb4f72bc27dc5297d,FT19360309347299,xx001,DEBIT,**6762,2019/12/26,09:38,3000,SAR,N/A,N/A,N/A,Saudi Arabia,cash withdrawal
b20dbd14518b42b6b078266764052ac7,FT19360924253524,xx001,DEBIT,**6762,2019/12/26,10:23,8,SAR,N/A,N/A, Idea Candy EST ,Saudi Arabia,وصف العملية
72f51f5b85ac4af8bb3a7755998b6807,FT19360213797441,xx001,DEBIT,**6762,2019/12/26,13:29,12,SAR,N/A,N/A, Secret marketing For ,Saudi Arabia,وصف العملية
517666e42aca471b891813cb6347d134,FT19360589400097,xx001,DEBIT,**6762,2019/12/26,18:43,3599,SAR,N/A,N/A, JARIR BOOK STORE ,Saudi Arabia,وصف العملية
056498807cfe4cc88e1fc3d8ec4e7e11,FT19360589508007,xx001,DEBIT,**6762,2019/12/26,19:11,28,SAR,N/A,N/A, MUJI ,Saudi Arabia,وصف العملية
c732dfff57604c95ad867e233845c565,FT19360002441725,xx001,DEBIT,**6762,2019/12/26,19:45,196,SAR,N/A,N/A, JARIR BOOK STORE ,Saudi Arabia,وصف العملية
7a16639ca4ff4e3ab1c3c43216dc213e,FT19361023468179,xx001,DEBIT,**6762,2019/12/27,10:16,125,SAR,N/A,N/A, IHOP Restaurant ,Saudi Arabia,وصف العملية
2d56f91902784969bce9de91e87b6341,N/A,N/A,N/A,N/A,N/A,N/A,N/A,N/A,N/A,N/A,N/A,N/A,N/A
de05342adc2c4a0db5f978f2aab90fa5,ACLK19361NXG8J,xx001,DEBIT,**6762,2019/12/27,22:09,15,EUR,N/A,N/A, Blizzard Entertainment ,Netherlands,E-commerce Purchase
4930aaaead664ff999e7658d10192830,FT19362002793948,xx001,DEBIT,**6762,2019/12/28,09:54,61,SAR,N/A,N/A, AL DHAHER STATION ,Saudi Arabia,وصف العملية
a959b57f133d4ce9b251fe16cfd7dce0,FT19362172086340,xx001,DEBIT,**6762,2019/12/28,10:37,155,SAR,N/A,N/A, MAX RIYADH PARK ,Saudi Arabia,وصف العملية
f404fb11b9a444c681a34228e87381e0,FT19362172092702,xx001,DEBIT,**6762,2019/12/28,11:05,150,SAR,N/A,N/A, AMERICAN EAGLE ,Saudi Arabia,وصف العملية
c157b1344a2d4cb78252df735239dd2d,FT19362310008300,xx001,DEBIT,**6762,2019/12/28,11:15,178,SAR,N/A,N/A, MOHAMMED AL ABDULKARIM ,Saudi Arabia,وصف العملية
0f7edc3a38d84632bacc78dd748fb685,FT19362530759004,xx001,DEBIT,**6762,2019/12/28,11:18,36,SAR,N/A,N/A, UNCLE TETSU ,Saudi Arabia,وصف العملية
d70a74515454490ca2ffa068ce9bb7d7,FT19362201411500,xx001,DEBIT,**6762,2019/12/28,11:46,559,SAR,N/A,N/A, FOOTLOCKER ,Saudi Arabia,وصف العملية
05adc7043e7a4d499786b3ba8e307bb9,FT19362188310826,xx001,DEBIT,**6762,2019/12/28,20:04,134,SAR,N/A,N/A, TAMIMI MARKETS S131 ,Saudi Arabia,وصف العملية
a7f4533adca94dd9a79239c8965b4db7,FT19362188464187,xx001,DEBIT,**6762,2019/12/28,20:44,264.2,SAR,N/A,N/A, DANUBE FOODSTUFF ,Saudi Arabia,POS Purchase
018a6d13cc82497f9e5a9dce614cbbea,FT19363435061800,xx001,DEBIT,**6762,2019/12/29,08:52,11,SAR,N/A,N/A, Idea Candy EST ,Saudi Arabia,وصف العملية
a862b5b953cd491f81f3438c5bfc7f50,FT19363938207365,xx001,CREDIT,N/A,2019/12/29,11:08,90.00,SAR,فارس عبدالله المحيميد,N/A,N/A,N/A,N/A
32370860ac8f4557ba348517c97c8240,FT19363573437911,xx001,CREDIT,N/A,2019/12/29,15:34,45.00,SAR,فايز غازي العنزي,N/A,N/A,N/A,N/A
1fb829e945004624a5c4d0145661297d,FT19363125768733,xx001,DEBIT,**6762,2019/12/29,17:29,50,SAR,N/A,N/A,N/A,Saudi Arabia,cash withdrawal
10f316213b0c409b8278649c8919794c,N/A,N/A,N/A,N/A,N/A,N/A,N/A,N/A,N/A,N/A,N/A,N/A,N/A
b64310c34ecd46f4ae4c9b71c85a5d28,FT19364775864962,xx001,DEBIT,**6762,2019/12/30,09:28,8,SAR,N/A,N/A, Idea Candy EST ,Saudi Arabia,وصف العملية
8dc0bb067dbf47ed8e84efa288f27528,FT19364810603894,xx001,CREDIT,N/A,2019/12/30,10:59,45.00,SAR,نواف يوسف الميمان,N/A,N/A,N/A,N/A
854e5641e7d64ec0b10356562ceebd11,FT19364375444344,xx001,DEBIT,**6762,2019/12/30,21:22,374,SAR,N/A,N/A, JARIR BOOK STORE ,Saudi Arabia,وصف العملية
21c4bdb891584523adfe0748ed6447c4,FT19365058133077,xx001,DEBIT,**6762,2019/12/31,20:00,399,SAR,N/A,N/A, JARIR BOOK STORE ,Saudi Arabia,وصف العملية
d462ebd1c0e24e7badee7972e0c88222,FT20001916731415,xx001,DEBIT,**6762,2020/01/01,09:35,10,SAR,N/A,N/A, SAMA ALJWHRIA EST ,Saudi Arabia,وصف العملية
fea5d21c10974626a6c02cbe7d2f6c5b,FT20002160211702,xx001,DEBIT,**6762,2020/01/02,21:50,29.4,SAR,N/A,N/A, Five Elephants Cafe ,Saudi Arabia,وصف العملية
50642deafa5e43d7a5d605640e542ba0,FT20002930779767,xx001,DEBIT,**6762,2020/01/02,23:43,121,SAR,N/A,N/A, Smokey House Est ,Saudi Arabia,وصف العملية
4dab40fe9e7941ffb2fe05d6053058c4,FT20003030063759,xx001,DEBIT,**6762,2020/01/03,20:49,53,SAR,N/A,N/A, MOSST ALSAJ ALTHAHBI ,Saudi Arabia,وصف العملية
aee3676e0bd74e868ceecf72a370b5a1,FT20004069340880,xx001,DEBIT,**6762,2020/01/04,21:29,120,SAR,N/A,N/A, TAKHASUSSI ,Saudi Arabia,وصف العملية
12cc8faf37a94e6ca4ca593f4000487c,ACLK200050GWL3,xx001,DEBIT,**6762,2020/01/05,19:19,20,USD,N/A,N/A, Udemy ,USA,E-commerce Purchase
a0fa158fb77c4bfdbe5285ab58d67f69,FT20006543943703,xx001,DEBIT,N/A,2020/01/06,11:41,21,SAR,N/A, سلطان فيصل بن لبده ,N/A,N/A,N/A
8fec6e8c3ef94f0a8684d4df38ac3f4f,FT20006774809429,xx001,DEBIT,**6762,2020/01/06,19:40,49,SAR,N/A,N/A, HARDEES EUROMARCHE ,Saudi Arabia,وصف العملية
379f352f756a4d06b423fc2a3380ecb5,FT20007143119251,xx001,DEBIT,**6762,2020/01/07,08:51,10,SAR,N/A,N/A, SAMA ALJWHRIA EST ,Saudi Arabia,وصف العملية
9c48b716bac54fd99772791372c78849,FT20007078550793,xx001,DEBIT,**6762,2020/01/07,09:09,8,SAR,N/A,N/A, Idea Candy EST ,Saudi Arabia,وصف العملية
c7cb88c640524504b452c4f6842f4803,FT20007401443966,xx001,DEBIT,**6762,2020/01/07,13:15,350,SAR,N/A,N/A,N/A,Saudi Arabia,cash withdrawal
89a943e25a654e37a1ee200dc16c18dd,FT20007005460101,xx001,CREDIT,N/A,2020/01/07,15:03,102.00,SAR,فارس عبدالله المحيميد,N/A,N/A,N/A,N/A
522fdaf0eb2d46ac9a1859ddd4035a0b,FT20007400231581,xx001,CREDIT,N/A,2020/01/07,16:14,51.00,SAR,نواف يوسف الميمان,N/A,N/A,N/A,N/A
3fc6c187ef914347a8362e02b153df1d,FT20007275245130,xx001,CREDIT,N/A,2020/01/07,16:31,16.00,SAR,فايز غازي العنزي,N/A,N/A,N/A,N/A
a22d8a49849748ed951b38ea55bc4d3e,FT20007783390442,xx001,DEBIT,**6762,2020/01/07,18:01,151,SAR,N/A,N/A, JARIR BOOK STORE ,Saudi Arabia,وصف العملية
dd6fd94b803b44ebb33b95c094297e85,FT20008400009999,xx001,DEBIT,**6762,2020/01/08,09:03,8,SAR,N/A,N/A, Idea Candy EST ,Saudi Arabia,وصف العملية
f955da5d9537417bbb5c2d48ce895ef3,FT20008344599044,xx001,DEBIT,N/A,2020/01/08,16:43,8,SAR,N/A, سلطان فيصل بن لبده ,N/A,N/A,N/A
77f14ecddd494ac58159982fa674f986,FT20009224977447,xx001,DEBIT,**6762,2020/01/09,09:32,18,SAR,N/A,N/A, Secret marketing For ,Saudi Arabia,وصف العملية
504fd6740bff44b6ba4572058626d393,FT20009450752341,xx001,DEBIT,**6762,2020/01/09,17:57,180,SAR,N/A,N/A, khiat zarar alshmokh ,Saudi Arabia,وصف العملية
2af726df5234492c9d6356678ea5055b,FT20009828299162,xx001,DEBIT,**6762,2020/01/09,18:17,27,SAR,N/A,N/A, MCDONALDS TAKHASSUSI ,Saudi Arabia,وصف العملية
5affc77f856347a2a5d13e77af42aaa0,FT20010035857913,xx001,DEBIT,**6762,2020/01/10,13:18,72,SAR,N/A,N/A, KRISPY KREME ,Saudi Arabia,وصف العملية
9a7c4a5d4c7249509ab9f57eeaee7f11,FT20010300210480,xx001,DEBIT,**6762,2020/01/10,19:34,72.5,SAR,N/A,N/A, ALWOUSTAH FOOD ,Saudi Arabia,وصف العملية
bb2b0b764ce24b9d8e7e4cc65ed49d3f,FT20011586301520,xx001,DEBIT,**6762,2020/01/11,10:15,190,SAR,N/A,N/A, SHMOAA ALDERA ,Saudi Arabia,وصف العملية
151da551dcf14ee2824cfac2d14fec31,FT20011519209143,xx001,DEBIT,**6762,2020/01/11,10:31,26,SAR,N/A,N/A, MCDONALDS TAKHASSUSI ,Saudi Arabia,وصف العملية
f190d5e8b1c9446a91aba958c882f424,FT20011730976055,xx001,DEBIT,**6762,2020/01/11,15:56,22.05,SAR,N/A,N/A, Five Elephants Cafe ,Saudi Arabia,وصف العملية
e275bf96e38348e7bf7b520ba55968fd,FT20011400947950,xx001,DEBIT,**6762,2020/01/11,18:03,26.5,SAR,N/A,N/A, MOSST ALSAJ ALTHAHBI ,Saudi Arabia,وصف العملية
a985ec0af52a44f1985923f9b1a346b0,FT20012343860674,xx001,DEBIT,**6762,2020/01/12,09:32,8,SAR,N/A,N/A, Idea Candy EST ,Saudi Arabia,وصف العملية
0c714eb64ef643d8bde9abc13edfb38f,FT20012276780808,xx001,DEBIT,**6762,2020/01/12,19:54,44,SAR,N/A,N/A, BURGERIZZR ,Saudi Arabia,وصف العملية
497a8c1ebd0b4dd0b4a8f22b469f3df3,FT20013005885704,xx001,DEBIT,**6762,2020/01/13,09:00,9,SAR,N/A,N/A, Idea Candy EST ,Saudi Arabia,وصف العملية
f4fe61dd80ad4d9ba4d1a1cae5ef663c,FT20013520073197,xx001,DEBIT,**6762,2020/01/13,18:07,170,SAR,N/A,N/A, khiat zarar alshmokh ,Saudi Arabia,وصف العملية
b4bc1e9ca3b24533bf7aeb73962acb8c,FT20014008791598,xx001,DEBIT,**6762,2020/01/14,09:24,11,SAR,N/A,N/A, Idea Candy EST ,Saudi Arabia,وصف العملية
2deec0f3155d4c91b63ac2dfff47f003,FT20014665773860,xx001,DEBIT,**6762,2020/01/14,18:03,15,SAR,N/A,N/A, WHITE FOAM ,Saudi Arabia,وصف العملية
e40bf8894c0a4def8500954ec1443e2a,FT20014291291650,xx001,DEBIT,**6762,2020/01/14,21:14,48,SAR,N/A,N/A, TSC ,Saudi Arabia,وصف العملية
968e9ec8b4554e40ba0b939eaa5a0c36,FT20015938609231,xx001,DEBIT,**6762,2020/01/15,08:45,53,SAR,N/A,N/A, one fuel stTION ,Saudi Arabia,وصف العملية
2040e3ad476b459996f790dd2b03094e,FT20015850350892,xx001,DEBIT,**6762,2020/01/15,08:57,10,SAR,N/A,N/A, SAMA ALJWHRIA EST ,Saudi Arabia,وصف العملية
b8c0110a4b974c11b860cedf1c9613e0,ACLK200153ML92,xx001,DEBIT,**6762,2020/01/15,10:16,19.99,SAR,N/A,N/A, Spotify AB P0E38A542F ,Sweden,E-commerce Purchase
c62de587b1054f6bbbc16a3413cd6edd,FT20015585020294,xx001,DEBIT,**6762,2020/01/15,19:33,47.5,SAR,N/A,N/A, HARDEES EUROMARCHE ,Saudi Arabia,وصف العملية
10c7da0929454337bd9d6d9cc900d4ab,FT20016701579562,xx001,DEBIT,**6762,2020/01/16,08:54,8,SAR,N/A,N/A, Idea Candy EST ,Saudi Arabia,وصف العملية
76245f2dbf8e461f987c46d9e3b9f541,ACLK20016JJ16B,xx001,DEBIT,**6762,2020/01/16,16:01,95,USD,N/A,N/A, Amazon com ,USA,E-commerce Purchase
e1b3089b136a44cb8194fdcadf3448b1,FT20016695271057,xx001,DEBIT,**6762,2020/01/16,19:55,48.5,SAR,N/A,N/A, HARDEES EUROMARCHE ,Saudi Arabia,وصف العملية
7f2dccba0c53417684c70cfa8f902473,FT20017033372449,xx001,DEBIT,**6762,2020/01/17,16:27,40,SAR,N/A,N/A, Herfy 18 ,Saudi Arabia,وصف العملية
2c0d03f7a75e4e13adc01d99f85697c7,FT20018983653476,xx001,DEBIT,**6762,2020/01/18,10:16,53,SAR,N/A,N/A, FUDDRUCKERS RAWDAH ,Saudi Arabia,وصف العملية
8b742f6dcfe944efaf27fdb5ebc0d896,FT20018374253571,xx001,DEBIT,**6762,2020/01/18,13:02,15,SAR,N/A,N/A, RISTRETTO COFFE ,Saudi Arabia,وصف العملية
dc10eb5de2594295ae66f45695833c1e,FT20018968783104,xx001,DEBIT,**6762,2020/01/18,21:41,143.85,SAR,N/A,N/A, NORFAL TRADING CO ,Saudi Arabia,وصف العملية
7a894bad828c4e86b4fb61d1a776b26b,FT20018844504542,xx001,DEBIT,**6762,2020/01/18,22:06,21,SAR,N/A,N/A, ALRAHDEN ,Saudi Arabia,وصف العملية
a5f4e924a9f44480890c081ed3441cec,FT20019580040262,xx001,DEBIT,**6762,2020/01/19,15:44,13,SAR,N/A,N/A, RISTRETTO COFFE ,Saudi Arabia,وصف العملية
76aef0d296ad47e1b91a0572969f0f85,FT20019940268403,xx001,DEBIT,**6762,2020/01/19,15:46,110,SAR,N/A,N/A, RISTRETTO COFFE ,Saudi Arabia,وصف العملية
a58ce6f6db6240c6a757b654a159238c,FT20019580085902,xx001,DEBIT,**6762,2020/01/19,15:55,35,SAR,N/A,N/A, Fahad Abdullah Al ,Saudi Arabia,وصف العملية
fa22e40f2d2644d2a0078a1a4aeda2f9,FT20019394905321,xx001,DEBIT,**6762,2020/01/19,18:28,429,SAR,N/A,N/A, MEGASTORES CO LTD ,Saudi Arabia,وصف العملية
24d6793ffeb64b8c84af4062d624ad12,FT20020007250306,xx001,DEBIT,**6762,2020/01/20,19:53,10.5,SAR,N/A,N/A, ALOTHAIM MARKETS ,Saudi Arabia,POS Purchase
9ba5cbbf8b914a9bb592ea56b4c3eea9,FT20021930715010,xx001,DEBIT,**6762,2020/01/21,14:48,15,SAR,N/A,N/A, RISTRETTO COFFE ,Saudi Arabia,وصف العملية
0e15ffe72300478686f8b07bc2640252,ACLK200215L0L5,xx001,DEBIT,**6762,2020/01/21,21:43,2,USD,N/A,N/A, PP 2950CODE ,Luxembourg,E-commerce Purchase
cfe22ab20d9b446e9876cb5388ef2d75,ACLK20021C335R,xx001,DEBIT,**6762,2020/01/21,21:45,59.64,SAR,N/A,N/A, PAYPAL AMZGAMECOLI ,H.K.,E-commerce Purchase
837b668c74814af797a17a86bfe79173,FT20022072018867,xx001,DEBIT,**6762,2020/01/22,19:47,200,SAR,N/A,N/A,N/A,Saudi Arabia,cash withdrawal
7ec610e6949e4b43a77ccdf6f6673f2f,FT20022056305112,xx001,DEBIT,**6762,2020/01/22,19:59,120,SAR,N/A,N/A, SMSA 41190 ,Saudi Arabia,وصف العملية
b87e37283e264a0d9abc26a0a4dc55e5,FT20023996694553,xx001,DEBIT,**6762,2020/01/23,14:09,14.7,SAR,N/A,N/A, Five Elephants Cafe ,Saudi Arabia,وصف العملية
df04612c293f4bb4b10fa0966a8d19da,FT20024015681462,xx001,DEBIT,N/A,2020/01/24,09:04,52.5,SAR,N/A,N/A,N/A,N/A,N/A
bf0dba5e132f46fca3491e983f470483,FT20024530804443,xx001,DEBIT,**6762,2020/01/24,09:56,64,SAR,N/A,N/A, IHOP Restaurant ,Saudi Arabia,وصف العملية
03ad4ac39fd14af7b2072374e4cebdb2,FT20024301044755,xx001,DEBIT,**6762,2020/01/24,20:52,152,SAR,N/A,N/A, FUDDRUCKERS TAKKASSUSI ,Saudi Arabia,وصف العملية
2ff3b81d9e954d4b894862c1cedd8982,FT20024315933709,xx001,DEBIT,**6762,2020/01/24,21:09,85,SAR,N/A,N/A, EST abdulaziz Ali abdu ,Saudi Arabia,وصف العملية
1f100d84bd164c5287921c24bd94fdd8,FT20025360197110,xx001,DEBIT,**6762,2020/01/25,10:30,50,SAR,N/A,N/A,N/A,Saudi Arabia,cash withdrawal
2b01a97cfa4341458c98066a702491b4,FT20026102559031,xx001,DEBIT,**6762,2020/01/26,17:56,3050,SAR,N/A,N/A,N/A,Saudi Arabia,cash withdrawal
165c2fc93e174fbf95a028427c7d9bd9,FT20026065592830,xx001,DEBIT,**6762,2020/01/26,20:00,42.5,SAR,N/A,N/A, HARDEES EUROMARCHE ,Saudi Arabia,وصف العملية
71ccb76859d84a4eb9aa0bdaabd56d50,FT20027471697476,xx001,DEBIT,N/A,2020/01/27,15:03,23,SAR,N/A, فايز غازي العنزي ,N/A,N/A,N/A
7c07f5d32dd34376891827ca15db2466,FT20029480159289,xx001,DEBIT,**6762,2020/01/29,18:30,1899,SAR,N/A,N/A, JARIR BOOK STORE ,Saudi Arabia,وصف العملية
9e20261ec0264401895bb7f62345282a,FT20030520431840,xx001,DEBIT,N/A,2020/01/30,16:17,38,SAR,N/A, فايز غازي العنزي ,N/A,N/A,N/A
f729ffd43df14fe98fc53b4680070e41,FT20033104768525,xx001,DEBIT,N/A,2020/02/02,15:10,31,SAR,N/A, سلطان فيصل بن لبده ,N/A,N/A,N/A
ed6e8d2a41da45759a04a503db1ac613,FT20034143372212,xx001,DEBIT,N/A,2020/02/03,12:52,14.6,SAR,N/A, عبدالله محمد الحمد ,N/A,N/A,N/A
6ecc220cd06b42cb997eb6702d03ae05,FT20036190704000,xx001,DEBIT,**6762,2020/02/05,09:26,11,SAR,N/A,N/A, Idea Candy EST ,Saudi Arabia,وصف العملية
a90564cdee0047d5a309c0bc3ba379b1,FT20037047978196,xx001,DEBIT,N/A,2020/02/06,15:33,35,SAR,N/A, حسام مزيد ال صقر ,N/A,N/A,N/A
b76a1d91ea684ae783831da2e469ae45,FT20040173412360,xx001,DEBIT,N/A,2020/02/09,16:33,23,SAR,N/A, عبدالله محمد الحمد ,N/A,N/A,N/A
c6591ca4edb34d418e9573367c085453,FT20042006660017,xx001,DEBIT,N/A,2020/02/11,15:50,39,SAR,N/A, فارس عبدالله المحيميد ,N/A,N/A,N/A
2452ad1640514711b69ffcb372902512,FT20043068354970,xx001,DEBIT,**6762,2020/02/12,08:46,60,SAR,N/A,N/A, ONE FUEL STATION ,Saudi Arabia,وصف العملية
4df36711a3464816be594fcd5e8b0bb6,FT20044364650428,xx001,DEBIT,**6762,2020/02/13,09:10,22,SAR,N/A,N/A, Idea Candy EST ,Saudi Arabia,وصف العملية
67afe9c65f304600981e65bfdafeb79c,ACLK20044QPHNZ,xx001,DEBIT,**6762,2020/02/13,13:46,49,USD,N/A,N/A, SOCIETY6 COM ,USA,E-commerce Purchase
a7536b17e779401f81315a0ca48c40f2,FT20045453908947,xx001,DEBIT,**6762,2020/02/14,09:15,14,SAR,N/A,N/A, Starbucks Tafaseel ,Saudi Arabia,وصف العملية
e242a11a28a845e1b9856bc673ee9a00,FT20045139290823,xx001,DEBIT,**6762,2020/02/14,15:59,227,SAR,N/A,N/A, TASTE SUGAR EST ,Saudi Arabia,وصف العملية
75c29c4dcdcd4b57940cd4dc9cc383cf,FT20045108884095,xx001,DEBIT,**6762,2020/02/14,21:31,153,SAR,N/A,N/A, Shake Shack ,Saudi Arabia,وصف العملية
2f9b04e6266e40a18edde4c371944487,FT20045006395459,xx001,DEBIT,**6762,2020/02/14,22:14,28.1,SAR,N/A,N/A, ALOTHAIM MARKETS ,Saudi Arabia,وصف العملية
0f7341a1166245a9ad4953e4450589bc,ACLK200462FQQ7,xx001,DEBIT,**6762,2020/02/15,10:15,19.99,SAR,N/A,N/A, Spotify AB P0E967BC14 ,Sweden,E-commerce Purchase
361ed3b5deb1465db4cb594f3024391a,FT20046839660969,xx001,DEBIT,**6762,2020/02/15,18:36,48.5,SAR,N/A,N/A, HARDEES EUROMARCHE ,Saudi Arabia,وصف العملية
90bb828daec743329074d5a4efb9b540,FT20047128245913,xx001,DEBIT,**6762,2020/02/16,09:54,8,SAR,N/A,N/A, Idea Candy EST ,Saudi Arabia,وصف العملية
6f8dcba526f54b6bac26b32ecefc1df0,FT20047346201026,xx001,DEBIT,**6762,2020/02/16,18:32,48.5,SAR,N/A,N/A, HARDEES EUROMARCHE ,Saudi Arabia,وصف العملية
5124b918adfd47f5a8ed90cd233a930a,FT20048992223400,xx001,DEBIT,**6762,2020/02/17,08:52,10,SAR,N/A,N/A, SAMA ALJWHRIA EST ,Saudi Arabia,وصف العملية
77fdf9cf0b6848808e768dd3f9263feb,FT20048808373505,xx001,DEBIT,**6762,2020/02/17,09:16,6,SAR,N/A,N/A, Idea Candy EST ,Saudi Arabia,وصف العملية
3712545bcfee499aa153e5c162a722e5,ACLK200488636Y,xx001,DEBIT,**6762,2020/02/17,16:48,361.42,SAR,N/A,N/A, AMZN Mktp US ,USA,E-commerce Purchase
49a9f16b9f164e9abb3696093e4f8d46,FT20048151470554,xx001,DEBIT,**6762,2020/02/17,20:07,28.5,SAR,N/A,N/A, MOSST ALSAJ ALTHAHBI ,Saudi Arabia,وصف العملية
189fd192eeaf4be3b2c2b0a10eba893b,FT20049017329805,xx001,DEBIT,**6762,2020/02/18,09:30,11,SAR,N/A,N/A, Idea Candy EST ,Saudi Arabia,وصف العملية
9d07ef4aa7bd44518f80860049ccabd3,FT20049828601734,xx001,DEBIT,N/A,2020/02/18,17:03,40,SAR,N/A, حسام مزيد ال صقر ,N/A,N/A,N/A
0631369d939042a686627219777ff11a,FT20049214772522,xx001,CREDIT,N/A,2020/02/18,17:04,21.00,SAR,نواف يوسف الميمان,N/A,N/A,N/A,N/A
bbb54e18ddd54224ac0734a50c3ffffd,FT20049746476001,xx001,CREDIT,N/A,2020/02/18,17:04,21.00,SAR,فارس عبدالله المحيميد,N/A,N/A,N/A,N/A
903650ce54f04204a838c715cecfce62,FT20049921992051,xx001,DEBIT,N/A,2020/02/18,17:05,42,SAR,N/A, حسام مزيد ال صقر ,N/A,N/A,N/A
de5881b23b7040fcb210f82538b3b1e7,FT20050244969856,xx001,DEBIT,**6762,2020/02/19,09:54,16,SAR,N/A,N/A, Idea Candy EST ,Saudi Arabia,وصف العملية
01d71d43b7c440dab3578b5618956b63,FT20050356451457,xx001,DEBIT,**6762,2020/02/19,13:55,250,SAR,N/A,N/A,N/A,Saudi Arabia,cash withdrawal
c8b76ce83c5c431eadea2af400875b0f,FT20050204109744,xx001,CREDIT,N/A,2020/02/19,15:14,27.50,SAR,فارس عبدالله المحيميد,N/A,N/A,N/A,N/A
4aaffa46144b40949a8681c1f1ced86f,FT20050330114537,xx001,CREDIT,N/A,2020/02/19,15:29,21.00,SAR,فايز غازي العنزي,N/A,N/A,N/A,N/A
294f25b1d2f347b8a2001be718389dbb,ACLK200502JSBM,xx001,DEBIT,**6762,2020/02/19,20:55,1,EUR,N/A,N/A, Booking com ,Netherlands,E-commerce Purchase
2923523c83a947b2a2ff3efec9d2d411,N/A,N/A,N/A,N/A,N/A,N/A,N/A,N/A,N/A,N/A,N/A,N/A,N/A
c9b1910a92eb485f9bc75d27dbf7b802,FT20050658010608,xx001,CREDIT,N/A,2020/02/19,15:19,47.50,SAR,حسام مزيد ال صقر,N/A,N/A,N/A,N/A
cd625b7838934075851e7a52737ad59b,FT20050330053220,xx001,CREDIT,N/A,2020/02/19,15:12,21.00,SAR,نواف يوسف الميمان,N/A,N/A,N/A,N/A
e0ec39eb2a914802af596296e67cfc7e,FT20050479694080,xx001,DEBIT,**6762,2020/02/19,08:57,10,SAR,N/A,N/A, SAMA ALJWHRIA EST ,Saudi Arabia,وصف العملية
805a30f6480a436b9f087d1d01558650,FT20051024338782,xx001,DEBIT,**6762,2020/02/20,09:24,18,SAR,N/A,N/A, Idea Candy EST ,Saudi Arabia,وصف العملية
645f029e022b47379e2912f4ef0d412c,FT20051289693005,xx001,DEBIT,N/A,2020/02/20,16:55,35,SAR,N/A, فارس عبدالله المحيميد ,N/A,N/A,N/A
9d75f6a7e67646d6986a0823a07998fc,FT20051567268805,xx001,DEBIT,**6762,2020/02/20,20:13,68.25,SAR,N/A,N/A, Zain ,Saudi Arabia,E-commerce Purchase
96e0fe6431744dcea6c79bc5c4fd0936,FT20051100758262,xx001,DEBIT,**6762,2020/02/20,20:16,105,SAR,N/A,N/A, Zain ,Saudi Arabia,E-commerce Purchase
b8b6a86bd0114e0aa3a1b8c26873d319,FT20052051939016,xx001,DEBIT,**6762,2020/02/21,10:25,33,SAR,N/A,N/A, Dr Cafe ,Saudi Arabia,وصف العملية
18b6b70c00234bd58ad9e2d8b83d4078,FT20052000594600,xx001,DEBIT,**6762,2020/02/21,21:03,50,SAR,N/A,N/A, DOWAL ALJAZEERA ,Saudi Arabia,وصف العملية
15139a23b99945ceb801c7bd66fba8a0,FT20052674546217,xx001,DEBIT,**6762,2020/02/21,23:21,64,SAR,N/A,N/A, BRISKET ,Saudi Arabia,وصف العملية
5ef01c8d3b834cda8bcc015a35cd7ce0,FT20053568202145,xx001,DEBIT,**6762,2020/02/22,08:10,10,SAR,N/A,N/A, QAF COFFEE ROASTERS ,Saudi Arabia,وصف العملية
a49a663cda0a45e7b1bad2b90a022ef7,FT20053796924446,xx001,DEBIT,**6762,2020/02/22,10:06,64,SAR,N/A,N/A, IHOP Restaurant ,Saudi Arabia,وصف العملية
2f01eed1c2b742a6a906258902190942,FT20053886415000,xx001,DEBIT,**6762,2020/02/22,21:21,280,SAR,N/A,N/A, HOSPITALITY APARTMENTS ,Saudi Arabia,وصف العملية
72556de2719147cf81a8a295019221ec,FT20054002925530,xx001,DEBIT,**6762,2020/02/23,07:34,10,SAR,N/A,N/A, QAF COFFEE ROASTERS ,Saudi Arabia,وصف العملية
049620f1a7644eee8ac629a9cfa68b96,ACLK20054X7PSH,xx001,DEBIT,**6762,2020/02/23,09:41,23.78,SAR,N/A,N/A, UBER TRIP HELP UBER CO ,Netherlands,E-commerce Purchase
dcc059b1dd2c465ba5df64a6fd500376,FT20054848434235,xx001,DEBIT,**6762,2020/02/23,10:04,21,SAR,N/A,N/A, StarBucks ,Saudi Arabia,وصف العملية
c15e07f1127846de93df01d8dd7341ca,FT20054459166856,xx001,DEBIT,**6762,2020/02/23,10:52,3.5,SAR,N/A,N/A, Saudi Post Corporation ,Saudi Arabia,E-commerce Purchase
8330d96e64714821ac98f6154c3536b2,ACLK20054PHM6D,xx001,DEBIT,**6762,2020/02/23,11:25,20.78,SAR,N/A,N/A, UBER TRIP HELP UBER CO ,Netherlands,E-commerce Purchase
8ed06f674d544f088ba607facef85d0b,FT20054111403300,xx001,DEBIT,**6762,2020/02/23,16:15,17,SAR,N/A,N/A, KEDEN INTERNATIONAL CO ,Saudi Arabia,وصف العملية
3525bb92b9e4419aa04baeb2d2254077,FT20054460470074,xx001,DEBIT,**6762,2020/02/23,17:09,189,SAR,N/A,N/A, Aldo ,Saudi Arabia,وصف العملية
f8b2b74b97584a1c824ee5a4e8c7c012,FT20054697859524,xx001,DEBIT,**6762,2020/02/23,20:28,44,SAR,N/A,N/A, CRAVIA ARABIA ,Saudi Arabia,وصف العملية
ae3f2386e29441e5b96ac26d98645554,FT20054600149910,xx001,DEBIT,**6762,2020/02/23,22:55,16,SAR,N/A,N/A, ANTR RESTURANT ,Saudi Arabia,وصف العملية
b1cf4faabcd04af9a1b8f72194ac91ec,ACLK20055WXZ34,xx001,DEBIT,**6762,2020/02/24,09:08,16.48,SAR,N/A,N/A, UBER TRIP HELP UBER CO ,Netherlands,E-commerce Purchase
de673169f65c4b84827bde648db8dafe,ACLK20055XDF43,xx001,DEBIT,**6762,2020/02/24,09:36,10.00,SAR,N/A,N/A, UBER TRIP HELP UBER CO ,Netherlands,E-commerce Purchase
b0947f421aad4ecfb9752828d3092cad,FT20057071919104,xx001,DEBIT,**6762,2020/02/26,13:38,246,SAR,N/A,N/A, STARBUCKS ,Saudi Arabia,وصف العملية
bb13b089ffb148058fa203ea19bf882f,FT20057352580672,xx001,DEBIT,**6762,2020/02/26,17:24,199,SAR,N/A,N/A, ALSHEF ALAWAL EST ,Saudi Arabia,وصف العملية
a68d83f2630746fb80d146ff9975fc95,FT20058958944023,xx001,DEBIT,**6762,2020/02/27,20:18,212,SAR,N/A,N/A, EST AWAL QEMAH ,Saudi Arabia,وصف العملية
1f36561979da4deab443a193e17e07ef,FT20058988331361,xx001,DEBIT,**6762,2020/02/27,20:40,29.93,SAR,N/A,N/A, Al Muaith Co ,Saudi Arabia,وصف العملية
5071475671c548ceb5c76443563fe853,FT20059430236400,xx001,DEBIT,**6762,2020/02/28,21:47,116,SAR,N/A,N/A, IDEA ORBIT COMPANY FOR ,Saudi Arabia,وصف العملية
8864e1be3ffb467fa5e74381b58a1874,FT20060026502603,xx001,DEBIT,**6762,2020/02/29,19:45,559,SAR,N/A,N/A, FOOTLOCKER ,Saudi Arabia,وصف العملية
3d5a1c0d5a17416a837e4df726c88f68,ACLK20061MCRF0,xx001,DEBIT,**6762,2020/03/01,13:29,90,GBP,N/A,N/A, KICKSTARTER GUWEIZ T ,G.B.,E-commerce Purchase
02e330d55d75471db96ac980e1b23d37,ACLK20064L5QW3,xx001,DEBIT,**6762,2020/03/04,17:57,15,USD,N/A,N/A, DESIGN CODE 3 ,Canada,E-commerce Purchase
1c9e1c4d89c942f2bc572760dfcebde1,FT20067366490405,xx001,DEBIT,**6762,2020/03/07,08:52,25,SAR,N/A,N/A, Muntami Company ,Saudi Arabia,وصف العملية
f68584a80c264b0dbf0959c1a9d4d303,FT20070038090374,xx001,DEBIT,**6762,2020/03/10,16:36,58,SAR,N/A,N/A, ALRAHDEN ,Saudi Arabia,وصف العملية
8b47ee5c4e23477a80b4eef29ba301a6,FT20071640619361,xx001,DEBIT,**6762,2020/03/11,08:54,10,SAR,N/A,N/A, SAMA ALJWHRIA EST ,Saudi Arabia,وصف العملية
8da5c11008f24420a79825ed48631d91,N/A,N/A,N/A,N/A,N/A,N/A,N/A,N/A,N/A,N/A,N/A,N/A,N/A
33687a4d889840288e12fec6c3e96b8f,N/A,N/A,N/A,N/A,N/A,N/A,N/A,N/A,N/A,N/A,N/A,N/A,N/A
14b84943925141be800cbdcc7001a259,N/A,N/A,N/A,N/A,N/A,N/A,N/A,N/A,N/A,N/A,N/A,N/A,N/A
ea8daec048bc4bfcbeadf986d958c54d,FT20077713701280,xx001,DEBIT,N/A,2020/03/17,08:56,48,SAR,N/A, فايز غازي العنزي ,N/A,N/A,N/A
963ba23cbdbf43be95d11634f99ba4c2,ACLK20078336RS,xx001,DEBIT,**6762,2020/03/18,10:16,19.99,SAR,N/A,N/A, Spotify AB P0EFDA1040 ,Sweden,E-commerce Purchase
c3895ee0d6fb4971805c383e0c937716,FT20092254982116,xx001,DEBIT,N/A,2020/04/01,13:03,82.38,SAR,N/A, المكتب التعاوني للدعوة بحي الروضة ,N/A,N/A,N/A
05f89514be7646058eb23ecf886bbdbb,FT20097272413104,xx001,DEBIT,**6762,2020/04/06,08:34,20,SAR,N/A,N/A, MCDONALDS TAKHASSUSI ,Saudi Arabia,وصف العملية
3f975974a13a4680bdb7d7c1478c6229,FT20098048554104,xx001,DEBIT,**6762,2020/04/07,10:57,1,SAR,N/A,N/A, Danube App ,Saudi Arabia,E-commerce Purchase
46f09732385c45cd9bd5ac02c315899a,FT20098510314286,xx001,CREDIT,**6762,2020/04/07,10:57,1.00,SAR,N/A,N/A, Danube App ,Saudi Arabia,Deposit of reversed POS purchase
bac659d6bc81424e81e60bbf613d070a,ACLK20106X5Y25,xx001,DEBIT,**6762,2020/04/15,10:15,19.99,SAR,N/A,N/A, Spotify AB P0F5885EE1 ,Sweden,E-commerce Purchase
f73177aef4044f8b8c722b7e1d142b44,FT20112488100557,xx001,DEBIT,**6762,2020/04/21,08:58,726.93,SAR,N/A,N/A, DANUBE FOODSTUFF ,Saudi Arabia,وصف العملية
184f46f9e7864b84a282672a4151ce2a,FT20122715063717,xx001,DEBIT,N/A,2020/05/01,19:17,52.5,SAR,N/A,N/A,N/A,N/A,N/A
1186f95e46854da2864101412216e93a,ACLK201362S4FF,xx001,DEBIT,**6762,2020/05/15,10:15,19.99,SAR,N/A,N/A, Spotify AB P0FBD30E10 ,Sweden,E-commerce Purchase
6938022a44b3446e9446d65f75560b65,FT20143628109139,xx001,DEBIT,**6762,2020/05/22,13:51,116.85,SAR,N/A,N/A, DANUBE FOODSTUFF ,Saudi Arabia,وصف العملية
359d7b8991744b60bc3d8c60e215fa0f,FT20151408126577,xx001,DEBIT,**6762,2020/05/30,13:58,134.01,SAR,N/A,N/A, DANUBE FOODSTUFF ,Saudi Arabia,وصف العملية
4f13b27f702e4e2bb3338c3f0c1a32d9,FT20153843162353,xx001,DEBIT,N/A,2020/06/01,17:01,52.5,SAR,N/A,N/A,N/A,N/A,N/A
3c1215393e4341b59c70197c4ae74ee5,FT20153921608020,xx001,DEBIT,**6762,2020/06/01,19:17,32,SAR,N/A,N/A, HALALAH CO ,Saudi Arabia,وصف العملية
57d5e6bd76c54c508aa4120583813cad,ACLK20167X79BB,xx001,DEBIT,**6762,2020/06/15,10:16,19.99,SAR,N/A,N/A, Spotify AB P1024F809A ,Sweden,E-commerce Purchase
b9aee71db3714a64b1045fdafefbc726,FT20176965094883,xx001,DEBIT,**6762,2020/06/24,07:33,21,SAR,N/A,N/A, LEMON 28 PHARMACY ,Saudi Arabia,وصف العملية
5de9d44aa489401fabba616c462b542e,FT20176460413900,xx001,DEBIT,**6762,2020/06/24,09:23,43.5,SAR,N/A,N/A, BEHJA ALTWASEL ,Saudi Arabia,وصف العملية
b6a43a69cff74e7895fdae1277668369,FT20176398854205,xx001,DEBIT,**6762,2020/06/24,09:57,25,SAR,N/A,N/A, Muntami Company ,Saudi Arabia,وصف العملية
4a88da51ede1455bbfd831213193ece1,FT20177407579066,xx001,DEBIT,**6762,2020/06/25,07:44,255.2,SAR,N/A,N/A, TAMIMI MARKETS S131 ,Saudi Arabia,وصف العملية
21cfcbec162a44feaf1c8bd6f9ce8ee9,N/A,N/A,N/A,N/A,N/A,N/A,N/A,N/A,N/A,N/A,N/A,N/A,N/A
599627cfbf424d9883b99f78fd8bb6bc,N/A,N/A,N/A,N/A,N/A,N/A,N/A,N/A,N/A,N/A,N/A,N/A,N/A
81c6d5a23b8e4c6ea65e94f5798da802,FT20183488600900,xx001,DEBIT,**6762,2020/07/01,10:57,104.87,SAR,N/A,N/A, DANUBE FOODSTUFF ,Saudi Arabia,وصف العملية
77d076617f0a4efea8726846677d0d32,FT20184579170950,xx001,DEBIT,**6762,2020/07/02,10:52,370.19,SAR,N/A,N/A, JARIR BOOKSTORE ,Saudi Arabia,وصف العملية
760e5f1fa4fc4e6b990b68c8ba7ce9f9,FT20185453003849,xx001,DEBIT,**6762,2020/07/03,16:57,49,SAR,N/A,N/A, alrashdan gaz station ,Saudi Arabia,وصف العملية
beaa3fbcd52a46a4b0be49b0f0fecb0c,FT20185845204648,xx001,DEBIT,**6762,2020/07/03,17:01,205.36,SAR,N/A,N/A, SPECIALITY COFFEE ,Saudi Arabia,وصف العملية
7085e667dfae42bd8c68b24ce195ec4f,FT20186450660551,xx001,DEBIT,**6762,2020/07/04,10:33,100,SAR,N/A,N/A,N/A,Saudi Arabia,cash withdrawal
119eeaa0435f498aaa7e8eca4b2ed801,FT20186950942143,xx001,DEBIT,**6762,2020/07/04,16:04,17,SAR,N/A,N/A, Alsaah Altaseah Co ,Saudi Arabia,وصف العملية
be9371b0b46543b3914ab7d65c9762d3,FT20187085408793,xx001,DEBIT,**6762,2020/07/05,06:49,25,SAR,N/A,N/A, MCDONALDS TAKHASSUSI ,Saudi Arabia,وصف العملية
7804d9a745ea4c6db24db3ceb017206b,ACLK20189YMPZB,xx001,DEBIT,**6762,2020/07/07,15:44,155.68,SAR,N/A,N/A, AMZN Mktp US ,USA,E-commerce Purchase
6a98886f14134bd5ab36d166171a7538,FT20192307598964,xx001,DEBIT,**6762,2020/07/10,19:16,25,SAR,N/A,N/A, CAPRI CAFE ,Saudi Arabia,وصف العملية
9d446cce7900431cabfcd59bf9fdee78,FT20193763411032,xx001,DEBIT,**6762,2020/07/11,00:30,119,SAR,N/A,N/A, FORKATA 4 EXIT 2 ,Saudi Arabia,وصف العملية
b02aaaee92b946199028981454b1648a,FT20196509435433,xx001,DEBIT,N/A,2020/07/14,12:54,57.5,SAR,N/A,N/A,N/A,N/A,N/A
9699a3578e744f02826b05179d0aa294,ACLK201972ZCRK,xx001,DEBIT,**6762,2020/07/15,10:15,19.99,SAR,N/A,N/A, Spotify AB P10885090F ,Sweden,E-commerce Purchase
aa4ae55ba16a41d0b9b8c3c72c84efa7,FT20199787677941,xx001,DEBIT,**6762,2020/07/17,09:08,108.55,SAR,N/A,N/A, TAMIMI MARKETS S131 ,Saudi Arabia,وصف العملية
2e17cc33788b44e4858f79f57f1344b3,FT20199172179412,xx001,DEBIT,**6762,2020/07/17,09:20,11,SAR,N/A,N/A, HALALAH CO ,Saudi Arabia,وصف العملية
dcca2f3d97d5419996398e2bc1db09ad,FT20201425611412,xx001,DEBIT,**6762,2020/07/19,19:33,1350,SAR,N/A,N/A,N/A,Saudi Arabia,cash withdrawal
398179ef320948f1b04d3a9fb67f958e,ACLK202039FW0H,xx001,DEBIT,**6762,2020/07/21,21:42,155.68,SAR,N/A,N/A, AMZN Mktp US MV4IB91K0 ,USA,E-commerce Purchase
a186c5af2dc243b89bd9b3900d780b22,N/A,N/A,N/A,N/A,N/A,N/A,N/A,N/A,N/A,N/A,N/A,N/A,N/A
446aaf64d05c43ea9b32ad83c56567f9,FT20206995675758,xx001,DEBIT,**6762,2020/07/24,17:06,350,SAR,N/A,N/A, ANGIE OF THE TIRES ,Saudi Arabia,وصف العملية
325430917a3f446ab749139d6865140f,FT20206664880376,xx001,DEBIT,**6762,2020/07/24,19:37,46,SAR,N/A,N/A, Alsaah Altaseah Co ,Saudi Arabia,وصف العملية
6096a6f1d10f4ba994b02adbabd35ae5,FT20185845204648,N/A,N/A,N/A,03/07/2020,17:01,205.36,SAR,N/A,N/A,N/A,N/A,دفع عبر نقاط البيع (مدى أثير)
428568590bb54705ba7a5612f5412532,FT20214482885700,xx001,DEBIT,**6762,2020/08/01,18:09,100,SAR,N/A,N/A, SHAWARMA HOUSE ,Saudi Arabia,وصف العملية
806cb5df0a4a48a7b8900ab2dd9922e7,FT20217230304583,xx001,DEBIT,N/A,2020/08/04,21:00,57.5,SAR,N/A,N/A,N/A,N/A,N/A
72b10888b39e4cfcbf0f397acad0aae0,FT20218651053291,xx001,DEBIT,**6762,2020/08/05,17:58,46,SAR,N/A,N/A, Dominos 62920 ,Saudi Arabia,وصف العملية
3b1a23978c794bfc985ed0969e79ed46,FT20219343482034,xx001,DEBIT,**6762,2020/08/06,19:13,23,SAR,N/A,N/A, KEDEN INTERNATIONAL CO ,Saudi Arabia,وصف العملية
dfeeed79ff0548868b8edea02ce1aa13,FT20220351913756,xx001,DEBIT,**6762,2020/08/07,09:26,282.9,SAR,N/A,N/A, TAMIMI MARKETS S131 ,Saudi Arabia,وصف العملية
fcc6181c3d8b47728646fa94eb44d824,FT20220790427614,xx001,DEBIT,**6762,2020/08/07,09:34,27,SAR,N/A,N/A, MCDONALDS TAKHASSUSI ,Saudi Arabia,وصف العملية
1a67f0e046654e1f980b419225955c7c,FT20220798490001,xx001,DEBIT,**6762,2020/08/07,22:12,176,SAR,N/A,N/A, ALENNABI GRILL ,Saudi Arabia,وصف العملية
8be3ac476fa84235ba3abc8374a3b922,FT20223437182084,xx001,DEBIT,**6762,2020/08/10,18:32,31,SAR,N/A,N/A, MUVI Cinema ,Saudi Arabia,وصف العملية
dc5cf3014e3d42ccb8e03ec0475387fd,FT20226515824406,xx001,DEBIT,**6762,2020/08/13,22:07,25,SAR,N/A,N/A, DRIP COFFEE ,Saudi Arabia,وصف العملية
32948b27371844df8800e70c02f1f390,FT20226147560352,xx001,DEBIT,**6762,2020/08/13,23:39,148,SAR,N/A,N/A, HALALAH ,Saudi Arabia,وصف العملية
3490c8be7b5b4f25b50b1c9316da191e,FT20227408306260,xx001,DEBIT,**6762,2020/08/14,16:59,164,SAR,N/A,N/A, JARIR BOOK STORE ,Saudi Arabia,وصف العملية
6aa929e992874995ad68e29374f66c30,FT20227178345718,xx001,DEBIT,**6762,2020/08/14,19:35,53,SAR,N/A,N/A, HARDEES EUROMARCHE ,Saudi Arabia,وصف العملية
eeed1ad71bfb4858b4ab5153726bed99,ACLK202282KJYY,xx001,DEBIT,**6762,2020/08/15,10:15,19.99,SAR,N/A,N/A, Spotify AB P10E896A07 ,Sweden,E-commerce Purchase
62dbac99ba984caa9a1869957fd37d06,FT20229630307209,xx001,DEBIT,**6762,2020/08/16,15:08,32,SAR,N/A,N/A, DUNKIN DONUTS 10327 ,Saudi Arabia,وصف العملية
9325a331993149a4873d2fe5a5f04bf4,FT20234081168123,xx001,DEBIT,**6762,2020/08/21,17:53,17.5,SAR,N/A,N/A, HALALAH CO ,Saudi Arabia,وصف العملية
8b1b1b4105cb4a61bba7ee50c31f92d3,FT20235330128820,xx001,DEBIT,**6762,2020/08/22,21:27,14,SAR,N/A,N/A, ALRAHDEN ,Saudi Arabia,وصف العملية
577a076fb5c84ac39dffbcc9093c706c,FT20237113404619,xx001,DEBIT,**6762,2020/08/24,08:47,50,SAR,N/A,N/A, one fuel stTION ,Saudi Arabia,وصف العملية
512e94dafef04dfbab34591fc8efbcd1,FT20237096903730,xx001,DEBIT,**6762,2020/08/24,12:57,94,SAR,N/A,N/A, SHAWARMA HOUSE ,Saudi Arabia,وصف العملية
26029aba33064aa5904e9fefafa373f1,FT20239978323440,xx001,DEBIT,**6762,2020/08/26,17:36,50,SAR,N/A,N/A, Fahad Abdullah Al ,Saudi Arabia,وصف العملية
ebb892eb2f384ae3906443fb8187009e,FT20240735014647,xx001,DEBIT,N/A,2020/08/27,14:40,75,SAR,N/A, حسام مزيد ال صقر ,N/A,N/A,N/A
f66561c1709c424fa588a1a01d4a6c5c,FT20241740152153,xx001,DEBIT,**6762,2020/08/28,17:56,16.1,SAR,N/A,N/A, Cafe five elephants ,Saudi Arabia,وصف العملية
037a4fcd9d604418acf1356fb8429998,FT20242419038075,xx001,DEBIT,**6762,2020/08/29,08:58,28,SAR,N/A,N/A, Muntami Company ,Saudi Arabia,وصف العملية
ecacbbd3aac1489c8fb94dd3eb6eb52b,FT20242945346030,xx001,DEBIT,**6762,2020/08/29,09:19,50,SAR,N/A,N/A, Al Dhaher Station ,Saudi Arabia,وصف العملية
c613df06cb11409cb090b31aec553de7,FT20242036003820,xx001,DEBIT,**6762,2020/08/29,10:15,115,SAR,N/A,N/A, camel step CO ,Saudi Arabia,وصف العملية
33731392a90f47bf9fa9404414ffd98e,FT20243036493639,xx001,DEBIT,N/A,2020/08/30,16:24,35,SAR,N/A, حسام مزيد ال صقر ,N/A,N/A,N/A
700b8fac2a25470ba9a8ef9451370f2c,FT20244223087020,xx001,DEBIT,N/A,2020/08/31,14:26,35,SAR,N/A, حسام مزيد ال صقر ,N/A,N/A,N/A
9c2075a6efce45bc80e8183d586a7881,FT20244900997038,xx001,DEBIT,**6762,2020/08/31,20:58,50,SAR,N/A,N/A,N/A,Saudi Arabia,cash withdrawal
67053823cbf648c4867321d15a81498e,FT20245041548072,xx001,DEBIT,N/A,2020/09/01,14:05,23,SAR,N/A, حسام مزيد ال صقر ,N/A,N/A,N/A
f0c9765196104a75a11480be0474d822,FT20246242559777,xx001,DEBIT,N/A,2020/09/02,14:16,35,SAR,N/A, حسام مزيد ال صقر ,N/A,N/A,N/A
98a5c69cbef94a1982c44ec5af6c0668,FT20246943025260,xx001,DEBIT,**6762,2020/09/02,18:01,18,SAR,N/A,N/A, HALALAH CO ,Saudi Arabia,وصف العملية
bd0077abe713466b893fded3546fb154,FT20247077560000,xx001,DEBIT,**6762,2020/09/03,18:56,37,SAR,N/A,N/A, BREW 92 IMAM ,Saudi Arabia,وصف العملية
f5b1b992eeb34aafb27eec2253090373,FT20248070904150,xx001,DEBIT,**6762,2020/09/04,00:45,230,SAR,N/A,N/A, Butcher shop Resta ,Saudi Arabia,وصف العملية
b0a3fcce19594f3eb0a6db80fe8db41a,FT20248672873157,xx001,DEBIT,**6762,2020/09/04,16:35,100,SAR,N/A,N/A,N/A,Saudi Arabia,cash withdrawal
1752d323da8f4dc9949708294b79a40a,FT20249306158545,xx001,DEBIT,**6762,2020/09/05,14:50,40.16,SAR,N/A,N/A, ALGHARB AL TAKHASSUSI ,Saudi Arabia,وصف العملية
2d4faa49461345c8b4eb4b1cdb8c1ea6,FT20252909066883,xx001,DEBIT,N/A,2020/09/08,16:22,47,SAR,N/A, حسام مزيد ال صقر ,N/A,N/A,N/A
797f01a93b3945c8b1145d0f2b5b17f8,FT20253128469109,xx001,DEBIT,N/A,2020/09/09,15:05,35,SAR,N/A, حسام مزيد ال صقر ,N/A,N/A,N/A
5400743ac3b14cfebec221720d1ac125,FT20253931908740,xx001,DEBIT,N/A,2020/09/09,15:06,57.5,SAR,N/A,N/A,N/A,N/A,N/A
63f34111026e4e0480dc0abba4c58d72,FT20254152550715,xx001,CREDIT,N/A,2020/09/10,15:54,25.00,SAR,حسام مزيد ال صقر,N/A,N/A,N/A,N/A
cc41db44fdc14ef6a554e88a9d1cc182,FT20255888961031,xx001,DEBIT,**6762,2020/09/11,02:34,50,SAR,N/A,N/A,N/A,Saudi Arabia,cash withdrawal
89463c5d4f404c3faa2a0e15c1c05e68,FT20255168202035,xx001,DEBIT,N/A,2020/09/11,10:28,150,SAR,N/A,N/A,N/A,N/A,N/A
35a80426e18a4f649fdec95c1512dcfe,ACLK20259N859V,xx001,DEBIT,**6762,2020/09/15,10:51,19.99,SAR,N/A,N/A, Spotify AB P1150AD5ED ,Sweden,E-commerce Purchase
8731c23e02374d32a28f4a066d5213e1,FT20260839500206,xx001,CREDIT,N/A,2020/09/16,12:25,50.00,SAR,EMAD MOHAMMED ALHARBI,N/A,N/A,N/A,N/A
3b03e2cc9149459faa01c4c7946b65b1,FT20260846456141,xx001,CREDIT,N/A,2020/09/16,15:41,60.00,SAR,EMAD MOHAMMED ALHARBI,N/A,N/A,N/A,N/A
